{"cameraMode":{"drawMode":0,"name":"Shaded","section":"Shading Mode"},"sceneLighting":true,"audioPlay":false,"sceneViewState":{"showFog":true,"showMaterialUpdate":false,"showSkybox":true,"showFlares":true,"showImageEffects":true,"showParticleSystems":true},"in2DMode":false,"pivot":{"x":-0.7852606177330017,"y":3.2893362045288088,"z":1.038569450378418},"rotation":{"x":-0.010496657341718674,"y":-0.024301577359437944,"z":-0.00025504635414108634,"w":0.9996495246887207},"size":17.03150177001953,"orthographic":false}